{"timestep": 499556, "episodic_return": 500.0, "_timestamp": 1721806307.0978823, "_runtime": 12.964560270309448, "_step": 1535, "_wandb": {"runtime": 12}}