{"timestep": 499008, "episodic_return": 999.0, "_timestamp": 1721807768.0606213, "_runtime": 13.487820148468018, "_step": 984, "_wandb": {"runtime": 12}}