{"timestep": 499656, "episodic_return": 7.0, "_timestamp": 1721807897.7877896, "_runtime": 19.926133632659912, "_step": 8466, "_wandb": {"runtime": 19}}