{"timestep": 499680, "episodic_return": -88.0, "_timestamp": 1721806809.645717, "_runtime": 14.571928977966309, "_step": 4000, "_wandb": {"runtime": 13}}