{"timestep": 499200, "episodic_return": -200.0, "_timestamp": 1721806745.09929, "_runtime": 42.724021911621094, "_step": 2495, "_wandb": {"runtime": 11}}