{"timestep": 499512, "episodic_return": 33.0, "_timestamp": 1721808022.465441, "_runtime": 18.134334087371826, "_step": 3858, "_wandb": {"runtime": 17}}